BJD TDB,Target Relative Flux,Error
2459924.950217,5.943407803763234,7.879239561989601
2459924.950992,5.868982790573796,7.369766383931474
2459924.951768,4.350489797970258,3.331539706433979
2459924.952543,4.659080325465581,6.975965354155647
2459924.953319,6.118358518069744,2.5727648731592825
2459924.954094,6.566439984741823,7.35326412293697
2459924.95487,4.454968905228673,6.161321663377179
2459924.955645,2.751750504743855,5.9951869642647955
2459924.956421,6.5465735560361615,5.422989446495454
2459924.957197,7.511874638576721,3.404877788435141
2459924.957972,6.967609864409363,3.9394562242964763
2459924.958748,6.716175706135363,3.7817976867631313
2459924.959523,6.031993430444471,6.749293173632105
2459924.960299,5.940821096742432,4.355136263100163
2459924.961074,6.624706568927108,3.1811333496597305
2459924.96185,7.10267988396307,5.159500241105217
2459924.962625,6.043806713741162,3.560630170881331
2459924.963401,6.744445513664488,5.742027653924046
2459924.964176,8.404676534270683,3.1160927406377135
2459924.964952,5.12306948584107,4.315616276841413
2459924.965739,6.75622630448558,5.904197036996331
2459924.96729,4.807683715120303,7.224402471968244
2459924.968077,4.017796920819494,5.698900956970207
2459924.968853,5.5528564009086345,4.138785696384955
2459924.969628,7.902569147677507,4.704649233707313
2459924.970404,6.1951926896761655,6.185174479266576
2459924.971191,5.712053105919823,4.705434644801749
2459924.971966,5.517502999165869,5.147580895451003
2459924.972742,2.600511009032136,5.282493867821512
2459924.973517,7.974845065932268,4.505917367793499
2459924.974304,7.817049097732509,5.481978282296934
2459924.97508,6.276947157779933,4.3118472593589745
2459924.975855,6.245015419988453,2.675738702579021
2459924.976631,5.955653839178066,2.8469242163694464
2459924.977406,4.631565103669466,3.0621519205542542
2459924.978182,4.294478360224785,3.3700341277112624
2459924.978957,7.980653854082309,2.4422998379003173
2459924.979733,7.302655054626461,2.484585728698947
2459924.980509,5.666121006303149,3.7587368943109762
2459924.981284,7.737203036856322,3.612494284694218
2459924.98206,5.250296752237871,4.193825891923381
2459924.982835,7.718107210474168,5.393787216490389
2459924.983611,7.608847602891267,4.756338334697333
2459924.984386,4.912725782326266,2.7534572059833873
2459924.985162,4.09423620159699,3.3757640945232823
2459924.985937,5.14342130167722,2.38480678947148
2459924.986713,4.422258758029152,2.917417019281151
2459924.988264,3.3187527795452976,3.6461943157764045
2459924.989039,3.7590280329304893,4.786735306869992
2459924.989815,5.776972722058682,3.86178463096649
2459924.99059,5.8088129055553495,2.1202686197238902
2459924.991366,4.875681218523997,3.7324043324421683
2459924.992142,6.203813476408193,3.4049107646569707
2459924.992917,6.714936167325991,2.446532616091292
2459924.993693,3.1714062862713277,3.828745422580941
2459924.994468,5.237803754264636,2.978002022944888
2459924.995244,4.280910140787908,3.789596146784022
2459924.996019,3.6767938954427315,3.0873886585162973
2459924.996795,6.345808283899856,3.177772190684621
2459924.99757,4.988334645055215,2.6037189462907127
2459924.998346,2.763020104451064,3.511114506698214
2459924.999121,4.635808316847401,2.4860942927056873
2459924.999897,6.7040776272841995,4.732939057221044
2459925.000672,2.382366526586077,2.7051623823606694
2459925.001448,5.276367690030703,4.9842915764401745
2459925.002223,3.5590635178659458,3.8156760109407717
2459925.002999,2.535459299931375,4.439530649664399
2459925.003774,0.9124970198584048,2.3988682720339507
2459925.00455,1.7900725746358148,1.7313900224799201
2459925.005325,1.1731437339528306,2.681357741666804
2459925.006101,3.590028108125365,3.552281825179588
2459925.006877,1.6875823370485765,1.7859315094488826
2459925.007652,1.749525224411963,2.4089343410683526
2459925.008428,1.8927096093734885,2.0405888676878186
2459925.009203,0.42823170646455466,1.803167457223366
2459925.010754,-0.962326063254193,3.825167675660861
2459925.01153,0.2214512507272559,4.104998941929721
2459925.012305,1.3547305283063693,3.1639954604177074
2459925.013081,-1.3831954136256375,3.957332799292684
2459925.013856,-1.3874313057590237,4.063819200306167
2459925.014632,-2.706940089314269,3.340929852445533
2459925.015407,-1.0393081213265765,3.3987951429569665
2459925.016183,0.0335997062246296,2.5071091987822847
2459925.01697,-1.8224860367334061,3.66071930437824
2459925.017746,-1.9985538969079508,3.057808293354233
2459925.018521,-0.179867338377937,4.930613078043793
2459925.019297,-4.739894938817102,3.151988742003917
2459925.020072,-3.662803848524354,2.0466065118930628
2459925.020847,-2.5078444583368498,2.9412682954324114
2459925.021623,-2.9423908788916986,2.7550068735187354
2459925.022399,-3.2475904737417904,0.6298411858323216
2459925.023174,-2.4098824761658033,2.2530483727081987
2459925.02395,-2.9097108859218457,4.640052040297984
2459925.024725,-4.175346658828349,2.9591977098699704
2459925.025501,-3.7516804565025375,2.1930578050262968
2459925.026276,-4.607782792836579,4.157679104006117
2459925.027052,-2.6820607637380034,2.177211469218616
2459925.027827,-1.7949815022630933,3.2586019304844758
2459925.028603,-5.121127812317328,2.9590830911684196
2459925.029378,-3.0540771061938754,3.81622540002449
2459925.030154,-2.9651627460663965,3.0519876670860757
2459925.030929,-2.6176645029918344,2.594098479431396
2459925.031705,-5.398831958770445,2.657162956389064
2459925.033256,-4.927359561460953,2.390209110359202
2459925.034031,-3.2542103800258237,2.0341960648217645
2459925.034807,-2.855377732379427,2.9290336285538094
2459925.035582,-6.493511493453563,2.425303555255753
2459925.036358,-4.245451834016478,3.1243334709306674
2459925.037134,-5.970287210676495,3.560742856905973
2459925.037921,-6.8786519530814605,2.7004993693491217
2459925.038696,-4.812754169557176,3.3947937231146597
2459925.039472,-6.577861896478687,2.2214569138577294
2459925.040247,-7.866216453334185,3.63818901216528
2459925.041023,-6.571410174048942,3.5037410434711345
2459925.041798,-5.676453637405987,5.4982373280267804
2459925.042574,-6.325503589864168,2.931737220026965
2459925.043349,-5.589860786967771,3.4453882590984706
2459925.044125,-6.597391692576449,4.1821853468921715
2459925.044901,-7.289603829670366,1.872893521805428
2459925.045676,-6.602896536785807,4.604290892844519
2459925.046451,-5.693677729013857,3.3946932330413477
2459925.047227,-5.361819402707191,2.310503794762496
2459925.048002,-6.141829643062979,3.750342478357934
2459925.048778,-6.408156327276759,4.269088192338939
2459925.049554,-5.814222057487606,3.5714984282389026
2459925.050329,-8.301287957082959,4.799936845883352
2459925.051105,-9.133986894862112,5.441727109242742
2459925.05188,-7.075745727025073,4.016394668793001
2459933.930165,0.2697203181143415,3.209349805656239
2459933.932491,-0.07467472384514728,4.013373434532619
2459933.933267,-1.7720135231729106,2.8004694370391032
2459933.934042,-2.0684238158578117,3.1880120868690742
2459933.935593,3.100788944939037,2.404142126601977
2459933.936369,1.7772395762563065,2.7162277090895444
2459933.937145,1.0061435453396772,4.190334131789431
2459933.93792,-0.801163549780548,7.30564674633764
2459933.938696,3.0109934570359265,5.835939260223324
2459933.939471,3.2501362491248464,2.5529716598646717
2459933.940247,0.605071514184985,5.065808245808347
2459933.941022,-0.3271729677243318,3.0889791918636424
2459933.942573,5.073591551241874,5.632939066264446
2459933.943349,0.6122509010750843,2.6755280903268783
2459933.944923,0.8342265110861113,3.6551834318243936
2459933.945698,1.5872615760406106,3.106929380526956
2459933.946486,1.4616976688146543,3.417068031365562
2459933.947261,4.131566097242301,4.356454642747632
2459933.948037,-0.598453361682294,3.4418779382682874
2459933.948812,4.985625136070482,3.4350537165762858
2459933.949588,5.016997670022061,2.916543347297605
2459933.962783,10.559528875692559,4.718920176851158
2459933.963559,10.080111571465489,1.9585791203158929
2459933.96511,9.765403181345667,3.3450368145712313
2459933.965885,6.1258118565417075,2.9005819569859677
2459933.966673,11.504402497412691,2.054337266536015
2459933.967448,8.348453721791937,2.902985802087802
2459933.968224,9.695406289523811,3.326746859306239
2459933.968999,7.74830914019109,4.957720515141674
2459933.969775,11.185235319440379,3.0770518809988916
2459933.97055,11.92015891737297,2.088873217675696
2459933.971326,11.784786650336443,2.0601760397053552
2459933.972101,14.276810116248262,2.5199813486502154
2459933.972877,11.667125633815001,3.416456608533459
2459933.973652,11.703870192442123,2.5170383951680977
2459933.974428,10.423617922156847,2.004985396648136
2459933.975203,12.277476972736734,1.178261278872629
2459933.975979,11.953201314937267,1.9618583228109017
2459933.976754,11.874615465085725,4.570644820409809
2459933.97753,8.364755733210716,2.5522997361233184
2459933.978305,12.452769934429675,2.655354496856561
2459933.979081,12.522157109621679,3.5526824096330443
2459933.979856,10.899845963263877,4.141561042974513
2459933.980632,11.274019575039596,2.9466065875656473
2459933.981408,10.996506302044073,2.400620613571211
2459933.982183,10.337847851076498,3.9603997672576297
2459933.982959,9.695240596543808,3.867228493175104
2459933.983746,9.939584087566233,3.3881918203837604
2459933.986072,11.781187652611269,2.9844191469428956
2459933.989174,7.529849087765772,3.339913838219107
2459935.920402,9.598458161408807,3.042698753487558
2459935.921177,10.176398489903704,3.5207575818379344
2459935.921953,9.650650147292827,3.352242181283446
2459935.922728,8.390152815341612,2.4559205118374727
2459935.923504,11.582735470482053,3.2555535233431114
2459935.92428,49.206031769765126,3.7863289237845716
2459935.925055,44.80777386207979,2.790329201046663
2459935.925831,34.13152151250465,3.1562843251989263
2459935.926606,29.178181261074077,3.0880516245876652
2459935.927382,31.710387410733176,3.1081083498574054
2459935.928157,25.530773830348295,2.833319331101694
2459935.928933,26.61535792352843,2.5977191971995186
2459935.929708,23.351591185521325,2.5875109415687154
2459935.930484,19.265415822569132,4.81758074631245
2459935.931259,17.224859543434114,2.026814394525741
2459935.93281,15.279326339996402,1.6745826817178862
2459935.933586,12.88233871372313,2.431058818784582
2459935.934361,10.347916833723492,2.531009321293836
2459935.935137,11.226574528150568,2.113520718135608
2459935.935912,10.901573677957854,3.3870957339033287
2459935.936688,10.197158201852075,2.596701583855997
2459935.937464,12.405446554276,1.9954932256865903
2459935.938239,11.590227861798086,2.483168257960087
2459935.9406,7.7726406463085596,3.2769249650207355
2459935.941376,10.41021543612386,3.899594574505415
2459935.942151,9.559040141704722,2.50761362187001
2459935.942927,8.344345331094072,1.7173992599752355
2459935.943703,10.515276358115333,2.137816370839505
2459935.944478,9.225586217680437,3.2801469211850507
2459935.945254,5.169786031801626,2.1403249163605427
2459935.946029,8.881495278300289,2.9656992684057335
2459935.946805,8.760815867035143,3.0941849780141037
2459935.94758,7.487281200714735,2.448508047499284
2459935.948356,7.483088623248646,1.8225082448055783
2459935.949131,7.919447577421135,2.558914951056666
2459935.949907,8.762413179351114,2.555244685239756
2459935.950682,10.600349678965726,2.6722688915955293
2459935.951458,7.918473666109316,2.194000137314585
2459935.952233,6.807891800606036,2.2068763245978875
2459935.953009,7.7731508016021245,2.7021882973898825
2459935.953784,9.343289826946322,3.455854548242639
2459935.955336,7.731019227347646,3.3658263946977
2459935.956111,7.718898376003924,1.9603497617341854
2459935.956886,9.976151322790283,3.78931912907751
2459935.957662,5.717437529722869,1.4025502376765797
2459935.958438,6.48792026834033,6.6010708969585234
2459935.959213,6.016349577535385,2.6100387329407986
2459935.959989,5.106584402206238,3.3280934776170703
2459935.960764,4.403626867707899,1.9055514344355755
2459935.961551,5.962970745146956,2.3919512504795337
2459935.962327,5.799104789655951,3.70541095902271
2459935.963102,9.354790834471771,2.576359451365373
2459935.963878,7.507950543362396,2.9772247809224957
2459935.964653,7.042946271372585,1.4538220152718084
2459935.966204,5.128383685295779,3.722831181191214
2459935.96698,7.0140357074433,2.2404616582510646
2459935.967755,4.7186131897167805,2.455497210014273
2459935.968531,4.520861525935338,2.060009783393883
2459935.969307,5.492133551503464,3.175866807836283
2459935.970082,4.572585677656171,3.7451126879249403
2459935.971633,4.579695969676445,2.5750347057224348
2459935.972409,5.312388544102653,2.866558479456318
2459935.973184,2.9101244857636654,1.812236416781582
2459935.97396,5.988652015895601,4.4996735815784
2459935.974735,4.191366202164204,3.1105867774282636
2459935.975511,5.79146273442932,4.035211821242709
2459935.976286,5.74576146376371,2.5688516986542447
2459935.977062,5.1595910046351445,1.6827035804075694
2459935.977837,4.0886521220464545,3.346488469355068
2459935.978613,5.558385583840142,1.9459355468376545
2459935.979388,6.634108764187241,1.9513481141814042
2459935.980164,5.193037862464944,3.6704174062417723
2459935.980939,3.516373874174361,3.56310909223695
2459935.981715,1.4098016139949543,3.2761107367358084
2459935.982491,3.819144350353909,2.407708131083515
2459935.983266,0.7421188438061499,2.745432174933988
2459935.984042,3.798442329411955,3.058494999956471
2459935.984817,1.3697330192707913,1.9256118943545986
2459935.985593,0.9926240197239977,3.516149196080889
2459935.986368,5.4309068374185365,2.8844393791894904
2459935.987144,5.603429168008933,2.5761248320365846
2459935.987919,4.7920756168564616,2.7367600309164546
2459935.988695,2.7505957207274445,3.034067152983902
2459935.98947,2.102493328674404,2.512924789107474
2459935.990246,1.5202424449041185,2.7730298966007583
2459935.991021,3.2065520507147394,3.063246658163302
2459935.991797,-0.5515559982671725,1.8929405890600433
2459935.992572,2.758177950792584,2.6858603744468863
2459935.993348,0.6477149324184417,3.447143764647819
2459935.994123,-0.8529847698781623,1.7622774820524263
2459935.994899,1.640895192203784,2.835907696220055
2459935.995675,0.34896583458077224,2.461530013902929
2459935.99645,0.020400948122389906,3.3149266833328364
2459935.997226,0.09264672794340179,3.728579949388336
2459935.998001,-1.2195832587020838,3.1770821193734218
2459935.998777,-0.8547261330134059,3.5610673903384527
2459935.999552,-0.4865885943960979,0.6280703486440665
2459936.000328,1.1756688673156823,3.064132299310092
2459936.001103,1.3498670890550457,1.6153411862383658
2459936.00189,-1.9590495391914597,2.737606366064618
2459936.002666,-0.5267898113634484,2.5537299418928625
2459936.003441,-2.2350159351699483,1.6288682120999878
2459936.004217,-4.288459062278371,2.607655241326981
2459936.004992,-3.5446082565212533,3.391096711048583
2459936.005768,-2.844023561435538,2.0056969694576794
2459936.006544,-1.2639699886206612,2.356001670338858
2459936.007319,-0.15894580586917062,2.268369636020923
2459936.008095,-4.507019294572756,2.7267652347180076
2459936.00887,-2.685603374835366,2.9006025333026364
2459936.009646,-1.557794245435673,1.0831282885282267
2459936.010421,-1.122246019362727,3.2515436807715945
2459936.011197,-3.1412975323612535,2.231410217525695
2459936.011972,-1.6572130002482366,3.0362274177882607
2459936.012748,-3.22969766194392,2.4039375341645792
2459936.013523,-7.357337048717216,2.621588110712866
2459936.014299,-4.3383788279171,4.04774866346988
2459936.015074,-5.2429439256250765,1.89246938726301
2459936.01585,-5.706029062417128,2.3139431799403862
2459936.016625,-6.830821066942661,5.068045688391724
2459936.017401,-6.64424037469824,2.55818866441077
2459936.018176,-5.032459543771961,1.8469980469150213
2459936.018952,-6.925455354251153,2.9590508135315887
2459936.019728,-7.9721279156906855,2.2533850267835747
2459936.020503,-7.409467871654418,1.5315504675111258
2459936.021278,-7.6860505174692895,3.4000997129570956
2459936.022054,-6.937925083503216,3.131695529933644
2459936.02283,-9.052453135383498,1.9420570863036528
2459936.023605,-5.855715537685269,3.0345269610967005
2459936.024381,-7.690539346712155,3.0959916189062318
2459936.025156,-7.772824259174138,2.599249664755341
2459936.025932,-6.320710872065205,1.2932564419054304
2459936.026707,-7.053965738367141,5.713197684221215
2459936.027483,-7.374618902222019,2.7609796779066587
2459936.028258,-7.551557016447608,2.1865326075445997
2459936.029034,-8.995003580640425,2.2464139527538696
2459936.029809,-6.490210040722699,1.9899489938588053
2459936.030585,-6.780202484441777,3.2440616901374666
2459936.03136,-6.65358389620907,2.349576961389739
2459936.032136,-8.336403616850397,2.907880932237434
2459936.032923,-9.225097676891615,1.8788671853293177
2459936.033699,-5.123829920892553,3.2897310776146447
2459936.034474,-5.7678791777491245,3.350690948261287
2459936.03525,-9.629991749442235,2.554611207573295
2459936.036025,-9.080886563841982,2.835319804607181
2459936.036801,-6.820580363915085,2.017291213063444
2459936.037576,-7.4989118605045535,1.2425993375244253
2459936.038352,-9.538882469976805,3.847927869992555
2459936.039127,-10.205981874865543,2.2151435479329433
2459936.039903,-8.23921162520369,1.568890629387385
2459936.040678,-9.045272377046887,2.015042658016832
2459936.041454,-9.345418344582468,1.9452477273941835
2459936.042229,-9.950965599416328,2.064379020552329
2459936.043005,-9.656073540408538,1.1442671227825003
2459936.04378,-7.146582754799513,2.727756916914536
2459936.044556,-9.913353300240457,3.2416013983761873
2459936.045331,-10.241255897615043,2.737412908050234
2459936.046107,-9.854311412117568,2.615508606098332
2459936.046883,-9.858723886973952,1.9240700050299488
2459936.04767,-12.032019173145114,2.306881610280233
2459936.048445,-10.233785067230826,2.0769795368263986
2459936.049221,-9.58831863484344,3.858297555128581
2459936.049996,-10.311939032588647,2.4825665250077007
2459936.050772,-8.914387718086058,1.52470498525019
2459936.051547,-8.763059807538664,3.0300989384956636
2459936.052323,-11.474906060873092,4.299308616306124
2459936.053098,-7.111805197231313,3.1241606558751016
2459936.053874,-8.856270609155947,6.6959910775306
2459936.054649,-13.30097033856681,3.3863138634015484
2459936.055437,-10.21057382488111,4.417388093595108
2459936.056224,-10.400423580779306,4.448306224301923
2459936.057011,-17.596174891873375,4.861778497493043
2459937.915084,3.6074264126699784,2.955598633512014
2459937.91586,0.6865136313285447,4.229624155286195
2459937.916635,2.9145523675919716,3.297860403309772
2459937.917411,-1.5494413184548028,3.8990678695087753
2459937.918186,-0.18505240232757902,6.859831010504434
2459937.918962,-0.6792144409429879,4.344373722011065
2459937.919737,-2.524591269474352,3.8721780638169867
2459937.920513,1.395784094440522,5.606789543827441
2459937.921288,1.48439704094816,3.4271685485387557
2459937.922064,-0.3929679836266464,4.6179696396991705
2459937.922851,-0.3777358064204206,2.7149138764835685
2459937.923627,-2.570973945036581,2.695582289520013
2459937.924402,0.2968307463082631,4.9306842824722095
2459937.925178,0.14271822954703417,4.388733750739851
2459937.925953,-0.17394903205358858,2.4673895203339753
2459937.926729,-1.2349665736499649,5.513865606095239
2459937.927504,-1.9733567300478372,4.417468912598839
2459937.92828,-0.6456316942757834,3.091200248512811
2459937.929055,-5.671816873887736,5.083671246360102
2459937.929831,-1.0444105750462285,2.734657253674877
2459937.930606,-2.7666535360981737,2.1132559066785217
2459937.931393,-2.983961903689769,3.8218168477168994
2459937.932169,-2.9106988133871248,2.852816412413282
2459937.932944,-3.6401445414779854,3.9168194986814324
2459937.935283,-3.8312627012193623,4.702448775898952
2459937.93607,-3.4972622830037325,4.989020981577641
2459937.936845,-2.426467552610556,3.8896085721558546
2459937.937621,0.5118067671299187,3.6484059634054873
2459937.938408,-3.3713503241210585,4.279945138259852
2459937.939183,-4.812062662304939,3.63082020011206
2459937.939959,-9.112444464325353,2.0124718394942005
2459937.940734,-3.7827891169914807,4.081286939532484
2459937.94151,-4.2485596187011865,3.9545077963612707
2459937.942286,-5.003885634161209,2.7840126330891564
2459937.943061,-6.933560700283836,2.90581352027755
2459937.943837,-6.148901643128979,4.02888966687608
2459937.944612,-6.1462737080763,3.0287200048114507
2459937.945388,-7.191010657849217,3.7407910329819365
2459937.946163,-4.699559734689829,3.5637702510645415
2459937.946939,-5.262509821784334,4.604096781404796
2459937.947714,-6.213056361248692,2.2304634049421894
2459937.94849,-6.946140197449879,3.6516429117537634
2459937.949265,-4.548838047102155,2.8912355758451973
2459937.950041,-8.94385147665744,3.2374249745498385
2459937.950816,-7.29249683440425,2.9549015201844147
2459937.951592,-5.071629175204206,2.088458962767699
2459937.952368,-3.657993591633768,1.9241094238229983
2459937.953143,-8.2786310250621,1.145149928649579
2459937.953919,-9.489160423999943,3.887344678322567
2459937.954694,-7.482864068918738,3.1294540314000594
2459937.95547,-8.71470374906691,2.348977868900416
2459937.956245,-8.474895971435359,4.428597010916895
2459937.95702,-7.879320839155546,2.559792923637293
2459937.957796,-4.821905641768653,3.876577760403374
2459937.958572,-9.814237635758726,4.445957973646941
2459937.959347,-7.0442897632417845,3.1194891728847067
2459937.960123,-6.206669672397358,2.2554173175562386
2459937.96091,-9.431985137097199,1.7347068130970906
2459937.961685,-6.513767056197772,1.118855622808632
2459937.962461,-8.33694299636456,2.3727513303482874
2459937.963237,-5.887727828268408,3.80504073501549
2459937.964787,-8.661790439156047,1.919329232435438
2459937.965563,-8.055030819451247,2.3627997063019586
2459937.966339,-8.22407730749064,3.59419975809046
2459937.967114,-9.241967058327694,2.417566702458008
2459937.967889,-6.843906522003951,3.5355088626682507
2459937.968665,-9.768987389190297,3.634225838350884
2459937.969441,-9.855026341079709,1.7457853565982742
2459937.970216,-10.35522528965316,1.902377548915748
2459937.970992,-8.179927976609047,3.100628510490927
2459937.971767,-10.063486535835109,2.363660213088975
2459937.972543,-8.98145113909965,2.1026710805492534
2459937.973319,-7.63665324797147,3.2195691090210397
2459937.974869,-9.92002348713128,4.238536163117837
2459937.975645,-7.801428233729424,2.9585765822363967
2459937.97642,-12.085335030260769,2.3206615642388564
2459937.977196,-8.583455212915258,2.478261970928171
2459937.977971,-9.470725298389215,2.197825168761714
2459937.978747,-9.623743410969055,3.190997383476193
2459937.979522,-8.367305898708931,2.62307612558738
2459937.980298,-11.012657678764914,1.734653844718681
2459937.981074,-9.966524708555525,1.8177081646882103
2459937.981849,-8.97558021646072,2.624207963989639
2459937.982625,-11.527430651865789,2.0716681731333706
2459937.9834,-10.329275664848314,2.9881470214244823
2459937.984187,-7.061550963515129,2.9438824377398976
2459937.984963,-10.613880838782897,2.3295071610519367
2459937.985738,-10.889623205167286,3.158261881436521
2459937.986514,-11.567671867295237,1.9238923576443638
2459937.987289,-9.983247680778739,4.7064109811354875
2459937.988065,-7.066725047336075,4.315495070338203
2459937.98884,-7.406542220600776,3.133503427474926
2459937.989616,-10.172436435241128,2.839105026810535
2459937.990392,-8.775943127392383,3.023624531716804
2459937.991167,-8.016969108808446,2.7333578034844344
2459937.991943,-10.36133217199231,1.8067884190420527
2459937.992718,-6.699062122829336,2.6145742733166295
2459937.993494,-9.417906715977086,2.433291183499013
2459937.994269,-9.07452193905156,5.522807191340588
2459937.995045,-9.567052754730131,2.781807887264586
2459937.99582,-10.702957287637037,2.6317025886605925
2459937.996596,-9.951335241842552,2.2932932729851774
2459937.997371,-9.975551179371545,1.9031170642465232
2459937.998147,-9.01877822541497,1.428368905163872
2459937.998922,-10.54906251455623,3.3902461920317717
2459937.999698,-10.129621695390778,2.9756778800435644
2459938.000473,-9.667166127354854,4.472713444923818
2459938.001249,-7.720313458474792,2.0986397650323316
2459938.002024,-8.39988518656931,2.190944806687263
2459938.0028,-7.721769668607603,1.3335790375941583
2459938.003575,-10.076487904225884,2.3994900283571643
2459938.004351,-8.187910522796106,2.075298303897728
2459938.005127,-9.285250267426992,2.7422356303394153
2459938.005902,-8.848118957010097,2.085190448138156
2459938.006689,-9.293124171618206,3.063325768017627
2459938.007546,-7.993275842008374,2.4823315527246406
2459938.008333,-7.7280703842825815,2.2346692052360564
2459938.009108,-7.300637958722822,1.722694135863152
2459938.009884,-3.943082104404194,3.5278065896665884
2459938.010659,-4.861826463286034,2.948053141295116
2459938.011435,-7.040209493939686,2.0522059804746466
2459938.012211,-4.395085315150538,2.046890220511355
2459938.012986,-4.819399567019267,1.4469211008207468
2459938.013761,-5.766116483557959,2.7033550096601067
2459938.014537,-3.1566862126967132,1.3806637051430755
2459938.015313,-6.715243130275272,2.3865358676376607
2459938.016088,-4.564076142549167,2.491676729497936
2459938.016864,-6.3365043377213714,2.7720045888354186
2459938.017639,-5.534485116353682,3.2311781418462915
2459938.018415,-5.253609558070083,2.7399169141663697
2459938.01919,-4.606599907379216,3.3751124732596742
2459938.019966,-3.5625140358490626,1.2865399325097742
2459938.020741,10.804601008262749,3.3497636578672827
2459938.021517,-1.2898957847107262,2.784881554402645
2459938.022292,-4.159152533509958,2.0858857598493032
2459938.023068,-4.069799961559761,1.5333099509151353
2459938.023855,0.20868804180973477,5.399118160637158
2459938.02463,-2.008850973478138,2.292142671310753
2459938.025406,-1.5005174577417124,2.3245784219158883
2459938.026957,-1.5718901738823732,4.109284676583243
2459938.027733,-1.322488981510106,3.259530133833213
2459938.02852,0.3885990823904173,1.1432062631901394
2459938.029295,-0.9028927623726535,4.696563999817826
2459938.030071,0.18352483900496708,1.430366359200321
2459938.031622,-0.5453648101365616,2.1591245736914018
2459938.032397,1.2143161507829348,4.995302111252719
2459938.033173,0.8677741240346037,1.503132765127661
2459938.033948,-0.3573832200626237,1.719387142716187
2459938.034724,-0.019522265086502344,2.084462065851969
2459938.035499,4.417804862460795,2.3984646981401485
2459938.036275,2.060153212554816,2.5512640803111655
2459938.03705,0.5257745828206595,3.4709065574039917
2459938.037826,0.5384296848545134,4.2419780505289575
2459938.038602,1.3316635193250104,3.431710473340387
2459938.039377,-0.16568993524035402,2.4307675678873295
2459938.040153,2.9167373793226314,0.8460703106572521
2459938.040928,0.5780200311265027,2.96058055933582
2459938.041704,0.7499549942389105,2.1788213963261884
2459938.042479,4.227111110443049,2.923701115169275
2459938.043255,2.6629902049899457,2.530314171300084
2459938.04403,3.1355800547778756,1.8043150712649132
2459938.044806,2.5742223693689947,1.6974308609642954
2459938.045582,4.405564191152678,1.9174003675909113
2459938.046357,4.767067623264953,2.57128942551019
2459938.047132,7.583305316422706,3.9484916208904606
2459938.04792,3.6354105971896367,3.3809666890370087
2459938.048707,6.7338172921167505,3.201895493301872
2459938.049482,3.4829133734539663,3.3336567238860666
2459938.050258,4.2850181370710505,1.8367969139747793
2459938.051033,3.9388989091597715,4.67268799018619
2459938.05182,5.220553407109918,2.873632015987354
2459938.053371,6.669212890897169,1.1915929778393286
2459938.054147,9.817342339163648,3.1457667995927086
2459938.054922,6.85801424418786,3.7258788144119337
2459938.055698,10.65810557516178,2.2115685959744464
2459938.056474,6.117854666311873,4.350191590529658
2459938.057249,5.901499231812712,4.313677432876826
2459938.058025,8.027439098053701,4.957449277166621
2459938.918283,2.454917483900365,5.733941225717477
2459938.919058,4.402106757605662,8.439906537400594
2459938.919834,3.168457471406816,4.207113369799166
2459938.921384,7.860409299007554,6.131554032487113
2459938.92216,7.166277361366102,2.7740238857336057
2459938.922936,8.155462841029193,3.873835413559691
2459938.923711,8.46215777440884,3.834381258203224
2459938.924487,8.388963460775445,3.6616384664092823
2459938.925262,9.547058899661343,1.7371684471099953
2459938.926038,7.820518554713551,3.717775805699963
2459938.926813,8.302459326074096,4.412523233583144
2459938.927589,9.843479291382184,2.3766768128691735
2459938.928364,7.38082787253358,5.502924879652321
2459938.92914,9.644512314841647,3.4947134845324843
2459938.929915,9.029409102637498,2.7058602085980583
2459938.930703,8.287462841168214,4.615066736487262
2459938.931478,9.817242546695137,4.109746106083319
2459938.932265,11.575066714253346,5.5098702511267375
2459938.933041,6.7450101426669296,3.9436492857502694
2459938.933828,8.866234432238551,3.4058577225156164
2459938.934615,8.422064527496387,3.481250624260313
2459938.93539,8.1770037203166,3.5901182521631
2459938.936166,8.154078059286363,4.373456438031352
2459938.936941,7.579895746128162,6.329572170792542
2459938.937717,10.551620924768912,5.385870365413743
2459938.938492,8.244246426980961,5.274593685586381
2459938.939268,7.904273839404619,2.7307433682478464
2459938.940044,7.544827201100501,4.113591139413699
2459938.940819,10.106937659883908,2.4274756876933785
2459938.941595,6.981554750799868,3.7774550761498213
2459938.94237,9.648749846309146,3.1915782695785984
2459938.943145,9.626649605609439,4.4193393485001
2459938.943921,10.04044529948489,4.757261001977562
2459938.944697,9.735508754964206,3.364479562704824
2459938.945484,7.480527726852593,3.1491950250947602
2459938.946259,9.5103291384524,5.61640654074036
2459938.947035,7.872332032281326,5.443899870232267
2459938.94781,9.485511787733936,4.616340065049482
2459938.948586,7.037099439025196,4.693585203582763
2459938.949361,8.375087102298728,4.654701590883316
2459938.950137,7.900426584705356,4.244146674764322
2459938.950912,7.609664410221262,3.5056026698473963
2459938.951688,7.283181759267565,5.6738746849520485
2459938.952463,9.4977838218262,6.153650387866926
2459938.953239,7.954560510877506,4.366449852238946
2459938.954015,8.569886122522519,6.268576641917589
2459938.954802,5.77381378402908,4.859529943604571
2459938.955577,7.595390690749326,4.962377484973461
2459938.956353,7.522553257414577,5.64170371312516
2459938.957128,9.56210649514544,5.5947167840533565
2459938.957915,6.094597499332277,3.8103657815523513
2459938.958691,8.202937407264299,6.13937517728683
2459938.959466,5.17922102763535,7.818681184458174
2459938.960242,3.3644837829360785,3.792177016446127
2459938.961018,7.836000715909286,4.45526764913029
2459938.962568,3.717273885089467,7.317726620413595
2459938.963344,4.31884581907549,4.605149610290912
2459938.96412,5.9404472646651385,3.6515557967562984
2459938.964907,6.192192786787842,4.25521443447878
2459938.965694,2.6314931120898777,4.595202384030777
2459938.966469,6.1486049070815785,6.514070404212464
2459938.967245,6.742867438943145,5.141623581168289
2459938.96802,6.517491903874628,5.658989807930025
2459938.968796,4.409647072986855,4.952202400226461
2459938.969571,4.88527670584693,3.4962693371508906
2459938.970347,7.866579728557754,3.8265418894855845
2459938.971122,6.473482318044121,3.8285869932960557
2459938.971898,4.732096085536153,3.9260013051297236
2459938.972674,4.538678026166698,3.528437863119738
2459938.973449,4.618403263886961,2.7783847753694144
2459938.974225,5.25625396364382,2.568051424357148
2459938.975,7.794893926958535,3.508791996072285
2459938.975776,4.523802708237268,2.0785152158174185
2459938.976551,3.3724992465251624,5.438000550590354
2459938.977327,3.7539607504686323,2.4418296206472707
2459938.978102,5.344802079904509,3.4474268827928682
2459938.978878,6.5472390180154605,3.853215029729245
2459938.979653,7.137354577118948,2.7164289195948044
2459938.980429,5.664539620825471,2.2734219348372955
2459938.981204,5.218471366816857,4.038336709872769
2459938.98198,5.340779191642664,4.893903011840135
2459938.982755,2.4145653284759483,2.862835588180646
2459938.983531,2.398107987447551,3.89440224765341
2459938.984306,4.873211639085717,4.453657137652409
2459938.985082,4.4320271236912845,5.402712175564477
2459938.985858,1.7823544948603054,4.036065116406971
2459938.986633,0.7528648766044199,3.1941236889879256
2459938.987409,0.8409943349478866,4.838564132254165
2459938.988184,1.056166211496512,3.490272564573209
2459938.98896,1.3355933250778218,2.9665277189754047
2459938.989735,3.355168079923976,2.7668518085129037
2459938.990511,2.707278450217343,5.331084741166488
2459938.991286,4.467320159190713,2.533832610957907
2459938.992062,0.41556899086003796,3.6851517211310356
2459938.992838,1.0532051482845528,4.3047866311923855
2459938.993613,0.8584333898500329,3.2867088306377035
2459938.994388,1.3290982074274371,3.623296650445702
2459938.995164,-1.0138023873217383,5.464591280142936
2459938.995939,-1.957113251678133,5.0667958382884155
2459938.996715,-0.7484604512253412,4.201415463117088
2459938.99749,-0.8429389900970197,3.0360657504373623
2459938.998266,1.580591242362095,4.239319925191101
2459938.999041,-0.4126903429826356,4.040030569099469
2459938.999817,0.9944862564352785,5.62680391773694
2459939.000593,1.026932789156998,3.1510469471767126
2459939.001368,1.7602174633348788,3.078340288280425
2459939.002143,-0.02387615538135268,3.49227670744885
2459939.002919,-0.36249792154852134,3.445108922680729
2459939.003695,-0.8618597605172251,5.772399634666181
2459939.00447,-0.834093049378648,3.09458909123803
2459939.005246,-2.8289701976476067,3.9806186296248107
2459939.006021,-2.7055170437567666,2.524403677223178
2459939.006797,-1.3809915720489618,4.213007730701436
2459939.007572,-1.295775611769856,1.8012908695080874
2459939.008348,-0.8320310037422951,2.6175398227006417
2459939.009123,-4.594653146348104,3.341326943097003
2459939.009899,-3.059500511109703,3.4193884779169204
2459939.010674,-2.1384742580825566,2.167463597081366
2459966.839082,-10.443231684444388,4.706191462302873
2459966.839857,-13.886839809137852,4.36799612481783
2459966.840633,-13.672923021177507,4.768171976964289
2459966.841408,-12.915383702649997,5.595147189925328
2459966.842184,-17.690195340198557,3.834743015715646
2459966.842959,-13.348960893255658,5.3167240015783355
2459966.843735,-12.680958937387521,3.821420758283114
2459966.84451,-13.969242378997993,4.882435718234736
2459966.845286,-6.995816141493361,4.03294185015341
2459966.846061,-10.917437214470471,6.447047234959939
2459966.846837,-11.796909196328254,5.675156501750295
2459966.847612,-12.137414431421911,3.81502093764603
2459966.848388,-10.387651235752916,4.215259092243869
2459966.849163,-10.567018045704923,3.1463218163519717
2459966.849939,-5.927867833161238,4.917503702514779
2459966.850714,-10.761289172097843,4.703592323707259
2459966.85149,-7.023925209263204,5.465224793292914
2459966.852266,-7.677298307511959,4.563909940882645
2459966.853041,-9.76341022070848,2.83950803145269
2459966.853817,-10.43442609897638,5.585357425854437
2459966.854592,-10.706075131280413,4.6927515443683205
2459966.855379,-7.7030765379758614,5.261020080360513
2459966.856155,-10.740052598038453,4.54132507475416
2459966.85693,-8.61735477541481,3.6951268197494813
2459966.857717,-8.940893474733036,5.588371267926173
2459966.858493,-9.059550130474104,4.932807864534697
2459966.859268,-10.998089157443047,6.0739999642491815
2459966.860055,-8.859493500935178,3.078372335294037
2459966.860831,-9.123899411757176,5.707567820263507
2459966.861606,-8.490400314278169,3.4084561695295297
2459966.862382,-6.605648774386852,4.769376830861675
2459966.863158,-6.937139562191885,3.3401697853533223
2459966.863933,-6.7225613317692945,6.624242262287128
2459966.864709,-4.965548843364309,4.984992489772335
2459966.865484,-6.438976172559063,4.017483942109703
2459966.86626,-6.591662938293719,4.285235770767424
2459966.867035,-9.190008555785445,3.2756320085421375
2459966.867811,-6.645597421637728,5.403902232630439
2459966.868586,-6.627189933081201,5.509309531408041
2459966.869362,-4.284029466471995,2.7299709433134205
2459966.870137,-5.64752587076256,3.2616517419626025
2459966.870913,-4.158280579292906,5.980620422801084
2459966.871688,-5.194033488988836,2.4534259073511318
2459966.872464,-6.2238161907153255,5.966975403311521
2459966.873239,-5.217721636086692,4.077719603595671
2459966.874015,-5.239579391279392,4.680852294638043
2459966.874793,-4.300712992818423,4.112911268998765
2459966.875566,-5.221371561319188,4.561862024138161
2459966.876341,-2.2411988061450394,3.6175822584330586
2459966.877117,-4.191004208481508,4.27543827428739
2459966.877893,-2.8625615316909547,5.134168619448304
2459966.878668,-4.181453072570451,5.480902746261145
2459966.879443,-1.7541603900868008,2.3603510114965354
2459966.880219,-1.7562547739581325,6.290534836121558
2459966.880995,-3.5758186977880024,3.93048755826973
2459966.88177,-0.005078613519615693,4.6721536902211565
2459966.882546,-4.897988401373787,5.419503388360417
2459966.883333,-0.6302547087621013,2.3194006073313043
2459966.884108,-1.2619611710469325,3.610269589587985
2459966.884884,-3.9162209925034386,4.79075800204637
2459966.885671,-0.4719203116860804,4.883392875359397
2459966.886446,-0.18844421920460874,5.497326484238046
2459966.887222,0.6058977469405313,3.589536950311239
2459966.888009,0.7312493196980352,3.3328335022130915
2459966.888785,-3.235362272149045,4.811052066782848
2459966.88956,-1.9119790668647996,3.315512879914626
2459966.890335,-3.7726602849131874,4.031534649583416
2459966.891111,-2.022712899667156,7.284513780917943
2459966.891887,-2.0117363800529198,7.068943307030924
2459966.892674,-0.49236964547727524,5.452705649869108
2459966.893449,2.2956055239520268,3.8756042825922363
2459966.894225,2.78512992585922,3.447618691984942
2459966.895,2.8693059607249882,6.981212932609577
2459966.895776,2.8678702130031652,5.8777165280474
2459966.896551,2.894798410515431,3.43604587930051
2459966.897327,2.130222971392426,5.587687238300908
2459966.898102,5.663725236745076,5.157345176963335
2459966.898878,2.5472207881971354,5.1245858820522
2459966.899653,3.1923868828866997,5.96784591120167
2459966.900429,5.7865184809906545,6.959475865593357
2459966.901204,1.6185527747425432,4.747228997893287
2459966.90198,2.069530074131576,3.938029578052853
2459966.902755,5.937248465339717,5.3998774817142445
2459966.903531,3.5287733067130844,4.5727246555521965
2459966.904306,4.711680702720988,2.881923799289752
2459966.905082,5.033910040512346,4.4064687863173075
2459966.905857,6.174208538605841,3.6965387620345598
2459966.906633,2.473042885810184,5.06129877834375
2459966.907408,3.880920833986501,4.61188420461923
2459966.908184,4.048394336263028,5.817919492147297
2459966.90896,4.746071978120714,4.16288451475434
2459966.909735,2.7485021482385186,3.8780326994955567
2459966.910511,7.521198620897174,5.4583679969129095
2459966.911286,4.000676026472805,4.8931768312543085
2459966.912062,5.664736278757854,6.473581558989389
2459966.912837,4.706816686475435,5.728062891968301
2459966.913613,5.421816110539268,4.566416546744016
2459966.914388,8.30433242701778,5.230129302480114
2459966.915164,2.245110983563947,4.707223255674059
2459966.915939,4.907820326737644,5.55731112864149
2459966.916715,5.215691348959162,6.047818797476692
2459966.91749,4.2003070440643775,5.657741163963417
2459966.918266,3.2271302743969166,3.731412140799908
2459966.919041,6.476211209939908,2.5879407238092758
2459966.919817,7.480123210762191,4.2495013820143726
2459966.920592,5.998604115925676,3.2952992925485995
2459966.921368,2.2545414838479605,4.00665545629996
2459966.922143,4.036723648263463,4.6081700939063035
2459966.922919,9.697465774938241,5.547196009947379
2459966.923694,5.016678268721542,3.0048804583016566
2459966.92447,10.566128935014296,5.720503535754895
2459966.925245,4.177737377423663,6.083971805354234
2459966.926021,6.783902225810934,4.877909048757399
2459966.926797,7.296164683527007,5.904396817991936
2459966.927572,7.984990695180327,4.8673243997785685
2459966.928359,5.086159103265819,7.374418992666618
2459966.929135,7.057415392694999,5.573691598402639
2459966.92991,7.684247099510211,5.338269331192589
2459966.930686,7.868563316787647,4.364437334489632
2459966.931461,7.763301092093666,6.347438512337814
2459966.932237,9.541497634793394,3.89342575834037
2459966.933012,10.07621668196701,3.232735824072085
2459966.933788,10.607931307001328,2.6552351314001514
2459966.934563,8.588362297779595,7.706028710027319
2459966.935339,8.737879901978607,4.459371742907691
2459966.936114,9.7367169556426,4.342058865682081
2459966.93689,6.547781549773202,3.747945825345426
2459966.937665,8.664144412437347,3.929910807935263
2459966.938441,9.268768379290693,4.1719425989067656
2459966.939216,9.573658425477971,3.3238791083708126
2459966.939992,4.8399488201935625,3.613815428094594
2459966.940768,8.515870422806104,3.4730751636062744
2459966.941543,7.7771338020620195,6.490498397619115
2459966.942319,6.108111657589843,4.927491948563948
2459966.943094,6.546432434892724,3.0446401928477957
2459966.944645,5.967001483191181,4.829297260283706
2459966.945421,3.039339346325054,3.2273770375526043
2459966.946196,3.7981901083254943,4.835234296070153
2459966.946972,5.536375993029807,4.857176121011402
2459966.947747,7.026771973815293,4.76476715481777
2459966.948523,5.41478090372105,4.203457002522882
2459966.949298,4.5953624222951905,3.2920833094553665
2459966.950074,2.2369077451422914,3.898871138069821
2459966.950861,6.596201178947325,5.108605968871806
2459966.951636,5.854373572338867,6.361071243686377
2459966.952412,5.63179106636591,6.349271980492877
2459966.953187,7.344724924335466,3.753873475583473
2459966.953963,4.931422500107585,3.289252365838548
2459966.954738,4.706245001146803,5.854284073620615
2459966.955514,5.927822451196274,3.504667870120689
2459966.95629,6.908903040260039,3.986778239352954
2459966.957065,9.368859760236159,3.579237264666345
2459966.957841,5.317326072357131,2.236500576516015
2459966.958616,8.754158459457262,3.958270341445188
2459966.959391,4.236790823344494,4.235793942060797
2459966.960167,4.5414853034371205,4.075919898036054
2459966.960943,5.476822980466256,5.404886343795565
2459966.961718,5.160390291113037,4.810158091281539
2459966.962494,3.5330855047890353,2.492998929380207
2459966.963269,5.96884744021553,4.214615109769792
2459966.964045,4.757198307763888,3.200309419124541
2459966.964832,2.0367488668058265,3.6323666683559503
2459966.965607,1.7233690928171175,3.9789961801659373
2459966.966383,3.035801396342297,3.440207425763766
2459966.967158,4.985669690880101,4.750692223369021
2459966.967934,1.276800555723323,4.442715482482687
2459966.968721,4.966621479468136,3.3607538943077473
2459966.969496,5.580203752082014,5.1008251243274385
2459966.970272,2.4745490353295096,4.290464737550062
2459966.971048,2.430101648734029,4.450640398796173
2459966.971823,0.4179050474923951,5.353368940383279
2459966.972598,2.0457857198856733,5.373929480226578
2459966.973374,2.746332050126643,5.6123139752182105
2459966.974161,-0.9311048710456404,3.63732223244202
2459966.974948,1.620364856678158,2.7718529865800954
2459966.975724,1.4607760414433457,2.0505943266153084
2459966.976499,3.2877260743273684,4.453161401686969
2459966.977275,1.6964092509363926,3.829535184634351
2459966.97805,0.8642672780829752,3.6880253336140707
2459966.978826,3.6836432830620325,5.6170031111964915
2459966.979601,0.3412609751252127,2.603355640135323
2459966.980377,0.024618058755088157,4.998419448869494
2459966.981152,0.7935688661007134,4.35849715461653
2459966.981928,-1.5175784902092815,2.8036727010835962
2459966.982705,0.5450355781746463,4.360881585458966
2459966.983479,-1.7719664530905233,4.157316232656311
2459966.984266,1.6396877483670913,5.621321329962718
2459966.985042,-2.463685700090479,3.843661572622182
2459966.985817,-1.4776694866065476,3.788034680632033
2459966.986593,2.7742698593296033,3.6880197574679188
2459966.987368,1.2068731177579117,3.4758856822026947
2459966.988144,1.386365918120358,4.6336055740084765
2459966.988919,0.5844319052357161,3.5525773676699606
2459966.989695,-2.319459866947815,4.273285079198022
2459966.99047,-2.671666502431558,4.505299607556922
2459966.991246,-0.21537016982509094,2.622742871216576
2459966.992021,0.3364470283804266,2.4660418946416405
2459966.992797,-3.8136120424836495,4.019951350403002
2459966.993572,-0.7334823723373907,3.9911653575026818
2459966.994348,-5.372000061975246,3.53257474278492
2459966.995123,-3.8654179619421747,3.317784896252526
2459966.995899,-3.931561859109145,2.895996988658646
2459966.996674,-5.6483288711537405,5.981457831980149
2459966.99745,-4.567065346168686,3.2411038413950606
2459966.998225,-3.8160337810371203,4.961047313259462
2459966.999001,-6.705712352959026,2.561799191077548
2459967.000552,-4.502538574222559,4.516539618955392
2459967.001327,-7.826211688274687,5.157053600393861
2459967.002103,-8.865351918561082,3.91719011980657
2459967.00289,-7.2881851070594195,6.6356237416456585
2459967.003667,1.0168116303426178,3.9596398806788753
2459967.004453,-7.766275542623213,3.0540157841805886
2459967.005228,-6.542932564416293,4.105336414984284
2459967.006004,-5.642495287962124,4.182684411738655
2459967.006779,-4.890228624245374,3.916423453338806
2459967.007555,-6.284096828287011,2.8194530093841124
2459967.00833,-4.844266509606565,3.1590169083794453
2459967.009106,-4.598834346479452,3.5932315198369578
2459967.009881,-5.828080623389131,2.800277580216581
2459967.010657,-6.776784607891551,4.498585082099327
2459967.011433,-8.226838813212511,5.768018177850817
2459967.012208,-8.614885669121609,4.96672752263528
2459967.012983,-5.145318948879596,2.359512397924849
2459967.013759,-5.08225184567801,3.8425113141545024
2459967.014535,-7.4317750770007684,5.0296874074716165
2459967.01531,-8.56594197970506,4.607902568796044
2459967.016086,-7.152310319561428,3.137925063536071
2459967.016861,-9.32356225139963,2.430518537869842
2459967.017648,-8.10185830150445,2.492494006284343
2459967.018424,-9.73037093680329,3.88943443319993
2459967.019234,-11.102671169632039,2.996189464248768
2459967.020021,-8.503883619087826,3.174042839206998
2459967.020797,-10.827021772004898,2.4979719017555055
2459967.021572,-10.000094170710238,5.226231011248637
2459967.022556,-7.804479231525052,4.004899275020991
2459967.023343,-8.615115167151854,4.382337480934524
2459967.024119,-9.249439570929162,3.014195918843468
2459967.024894,-11.128078730601288,3.7353360786857506
2459967.02567,-9.647655062113735,2.121885645815711
2459967.026445,-9.161258128291273,2.751464116499309
2459967.027232,-12.90509851356736,5.025197200653876
2459967.028019,-10.9701168986599,3.2704040703907933
2459967.028795,-10.577957072578137,2.2665191497653585
2459967.029573,-11.25134961075458,3.147227976478537
2459967.030346,-10.820669531472538,2.6108741281262886
2459967.031121,-10.669346005699353,2.5524622505739742
2459967.031897,-11.25641196522642,2.1266259385255983
2459967.032673,-11.680437374968044,1.4992285854411738
2459967.033448,-9.557684371424902,3.0636510520501434
2459967.034224,-10.21354092000748,3.0819168819909857
2459967.034999,-11.396956974744853,3.295036234967827
2459967.035775,-12.414177701994378,4.9584935736982105
2459967.03655,-11.751016074207698,3.622937259705056
2459967.037326,-13.048498958990407,4.173845603414749
2459967.038101,-12.199474716940827,3.9507412983209336
2459967.038877,-11.82771516353509,3.0904555823314612
2459967.039652,-9.091319912426844,1.4817254978554906
2459967.040428,-12.96797258036342,3.9492687965726114
2459967.041203,-11.984414440845415,3.388528868851223
2459967.04199,-12.283562842016815,3.7537279370517185
2459967.042766,-11.37681217643982,3.5135607041330186
2459967.044317,-9.48861752107588,2.41784160952835
2459967.045092,-10.00063811982832,2.1593834386069712
2459967.045868,-12.86236328429391,2.5811253481730585
2459967.046643,-11.590111484831578,3.1681272441420543
2459967.047419,-11.396625526165828,3.4412524545251393
2459967.048194,-10.728374729305434,3.115207213282344
2459967.04897,-12.007681234707078,1.9792716743923122
2459967.049746,-10.067489526316198,2.951580961247319
2459967.050521,-11.30259830986391,3.5621159062431573
2459967.051297,-11.180919189272664,2.002439099665819
2459967.052084,-11.119663704502901,2.928040885794363
2459967.052859,-7.688653518236888,3.3847528967563543
2459967.053635,-9.77212663812499,3.0538940248430393
2459967.05441,-12.363291485014472,2.837771243153402
2459967.055186,-9.79120795706212,4.906386557458445
2459967.055973,-12.88762531775367,3.782064789521962
2459967.056748,-10.883572240795946,2.988953054589697
2459967.057524,-11.795967998919576,2.014409617724445
2459967.058299,-11.250467758701866,2.4714114214148144
2459967.059075,-9.082083126680352,4.0876944509387805
2459967.05985,-5.9269008266479295,4.364176139185569
2459967.060626,-9.060956302949785,2.995598764556155
2459967.061401,-12.921726507020171,5.414018906100309
2459967.062177,-10.626138428998622,5.335248066079362
2459967.062952,-10.09216721042716,4.641110492287326
2459970.829138,8.124124329930815,4.8371411950193135
2459970.829914,5.038390233566448,4.852733462212293
2459970.830689,2.961086128205448,3.7875245379880607
2459970.831465,5.5245629359061965,3.7134181992226902
2459970.83224,5.245089794944313,3.422880027223755
2459970.833016,5.807343558620781,5.060961346930594
2459970.833803,4.211654464605585,5.104510486234373
2459970.834578,4.065914177636021,6.622149634204183
2459970.835354,3.7745631941921154,3.284922158318624
2459970.836141,3.937413382191224,4.6770124921764475
2459970.836916,5.145626479351684,4.786577444043001
2459970.837692,7.674788025722412,3.423305380476366
2459970.838467,4.220086505649201,4.583749153378082
2459970.839243,4.240499013899779,4.121550666853572
2459970.840019,2.9555554553095664,3.0096777081237445
2459970.840794,4.48533445568744,4.8040838928808745
2459970.84157,4.186184583299557,3.095014452172722
2459970.842345,5.382907857962804,4.156998864002234
2459970.843121,4.900491953651054,3.23398689301489
2459970.843899,1.7410792454946034,5.2254024621114885
2459970.844672,2.7382490206553367,3.891912811691156
2459970.845447,5.204809069020211,5.556389804492565
2459970.846223,1.0503858218990914,4.863492785650947
2459970.846998,3.7054719262619162,2.070204613844507
2459970.847774,1.7686579054245755,3.492444894615171
2459970.848561,3.6337527039533857,3.3812173184875336
2459970.849336,14.54748878558032,3.7240671128617775
2459970.850112,3.5232826275917173,3.2620077487568695
2459970.850887,0.9982937896553246,3.0833709167612318
2459970.851663,-0.8572220153313381,3.9759054792705424
2459970.852438,-0.14681119594084358,4.362289396021672
2459970.853214,0.7690452871385034,4.271570967054166
2459970.85399,-0.5175817484324163,3.652591753122529
2459970.854765,5.378472272095536,4.370173037601581
2459970.855541,3.7939904997876805,5.205543469451779
2459970.856316,1.5005390843307875,2.976610685248923
2459970.857092,-0.001798265787722464,4.060045392861149
2459970.857867,1.6614560191343664,4.881524670391731
2459970.858642,-0.5106066670581555,2.3934220673702513
2459970.859418,0.3359785225645062,1.7857520623997334
2459970.860194,1.1155782183631668,2.4490141385686464
2459970.860969,-1.6525761995497268,3.098004995157139
2459970.861744,1.4564573838018458,1.7203779792642644
2459970.86252,-2.521547892439413,2.8941157918329603
2459970.863296,-3.722903616073303,2.626691216686348
2459970.864071,-2.1556543725821387,4.9719121410094385
2459970.864847,-3.0988328680634503,6.522674567236932
2459970.865622,-1.9705566514479633,2.8679646646830133
2459970.866398,-1.1893459863772105,3.21501887636105
2459970.867173,-2.1231450656391537,2.3061266120178168
2459970.867949,-3.998104097991284,5.233981551160052
2459970.868724,-1.5332861085962657,3.218467819552465
2459970.8695,-2.3090475998434057,4.384915066777241
2459970.870275,-4.150937993814496,3.8078192860850857
2459970.871051,-3.8549994304578616,3.0198542276621336
2459970.871826,-1.888418771179179,3.028645405959929
2459970.872602,-3.5995355409688123,4.212650911228931
2459970.873389,-2.3415414120737665,3.425477990498056
2459970.874164,-3.7053065327808943,5.351257080188667
2459970.87494,-5.262310695619998,6.605891228173185
2459970.875716,-4.979181844316338,4.248965742144355
2459970.876491,-5.029921658644132,2.8330704585643294
2459970.877266,-6.978998040727102,4.826891024265246
2459970.878042,-5.701849281625759,5.350331762718142
2459970.878818,-4.6502473179302894,4.824796361071434
2459970.879593,-5.4456157054426635,3.7420060955374
2459970.880369,-7.4352799197711095,3.354450291819802
2459970.881144,-6.8893283373815395,2.3051724314971533
2459970.88192,-6.518747261865521,4.503321796963947
2459970.882695,-5.652654379053712,2.968157740056279
2459970.883471,-6.909492853382604,3.755954776965726
2459970.884246,-7.727708764402874,1.8625758735843148
2459970.885022,-6.02306661903329,2.8320620063363546
2459970.885797,-6.76555690444669,3.6578416845345685
2459970.886573,-6.921466439739232,2.575522024320712
2459970.887348,-7.225762504507571,2.6114254623341804
2459970.888124,-5.851267264843085,2.061003578202315
2459970.888899,-6.852396097770441,4.227537115371249
2459970.889675,-6.557273523596363,3.6434731456076346
2459970.89045,-8.552732014418751,5.6202167625582025
2459970.891226,-8.446342017464637,2.423152989885373
2459970.892001,-6.2151607481882865,3.879987563489056
2459970.892777,-9.56774423837592,3.0167869261845985
2459970.893553,-7.694859355204642,3.0538465810537847
2459970.894328,-8.640878461507073,2.0256756699225713
2459970.895103,-7.867622375359096,4.882578896171073
2459970.895879,-7.062013702749059,3.8949582468606847
2459970.896655,-5.280069861626324,2.7934047100518873
2459970.89743,-4.0063276997950314,4.603328597864923
2459970.898206,-8.80685350109034,2.634119720995658
2459970.898981,-9.470349986883676,4.042586924295127
2459970.899757,-7.886655433606116,4.439555603344963
2459970.900532,-10.238665628119925,4.833090752190866
2459970.901319,-7.79284091435839,2.9458063311063896
2459970.902095,-8.167626778744829,1.7044197756324948
2459970.90287,-9.830979555633945,2.765483126661335
2459970.903646,-10.858157503561007,1.8700418159120442
2459970.904421,-9.470519691475609,4.1699464934675206
2459970.905197,-9.704580110500793,3.7002511216959584
2459970.905972,-11.522461014205842,2.9635463628380765
2459970.906748,-10.630372243167097,1.7891558004380086
2459970.907523,-10.3991434626447,1.9214984978042395
2459970.908299,-11.319803185888212,4.166024090109697
2459970.909086,-11.298133178188285,3.07500104788248
2459970.909861,-10.788878569189976,3.8011642566805297
2459970.910637,-10.562317260658926,2.6000194310198768
2459970.911413,-8.826273892075353,2.9362533426599873
2459970.912188,-10.69526872324933,2.8542278501429053
2459970.912964,-9.60832021660396,2.648479857446521
2459970.913739,-9.694359922956085,3.5006791820536605
2459970.914515,-6.717890194776643,5.002435333067029
2459970.91529,-8.769991764026708,4.111791085241381
2459970.916066,-11.096680971989015,4.068389122434787
2459970.916841,-11.29625122405975,4.620152707660863
2459970.917617,-9.349567263963966,4.751011783451026
2459970.918392,-10.013093107331228,3.663524010082744
2459970.919168,-11.467365936735806,4.796435815947714
2459970.919943,-13.777461188772989,2.1409073354009123
2459970.920719,-11.620064431884568,2.941136870445054
2459970.921494,-12.066681728401974,3.256890208361573
2459970.92227,-10.3978196349791,3.7006833012470004
2459970.923045,-10.367768684719337,1.9155710212860722
2459970.923821,-10.408481249121305,2.4978430266283493
2459970.924596,-11.040323231948479,3.7768575524601347
2459970.925372,-10.326192804574475,1.6940409933463403
2459970.926147,-10.504789970568806,2.1189735536917964
2459970.926923,-10.968432012662843,2.183511334651483
2459970.927698,-10.951691789122586,1.665748423236068
2459970.928474,-10.344906918760778,3.5124674814880033
2459970.92925,-10.759921259447136,3.459873841112413
2459970.930025,-10.315259652923348,3.7746600148392364
2459970.930801,-12.659450421515617,2.814073247807335
2459970.931576,-9.27430069512203,3.430837393461448
2459970.932352,-9.36216464897921,3.0018125696017326
2459970.933127,-11.22247142044741,1.9203810564609411
2459970.933903,-9.72400808085383,3.3329096381498435
2459970.935457,-7.942392405586585,3.0304022142476
2459970.936241,-8.140168968015171,2.602935520137604
2459970.937019,-9.156624195699736,2.755673659678476
2459970.937792,-9.124632009003042,3.380578094878987
2459970.938567,-9.190945647115312,3.567567607259266
2459970.939343,-6.8342869089618175,3.807254764383468
2459970.940118,-9.624764973971134,2.4902221235651076
2459970.940905,-6.713846948658064,3.63149388778957
2459970.941681,-10.542359394089429,3.2998702896924006
2459970.942468,-8.547874532587985,4.5295699197061765
2459970.943247,-6.711834974099662,1.3225588533938406
2459970.944019,-8.006374074668198,3.7974591391862833
2459970.944795,-4.694854635222012,4.887796878481096
2459970.94557,-6.557117801236689,2.3951652094274687
2459970.946345,-4.4184629072115955,2.9529453229218747
2459970.947121,-0.5906464867692085,3.0772891775550058
2459970.947896,-3.50969617343988,2.577281780330041
2459970.948672,-0.0723276464226208,3.8570099814614154
2459970.949448,-2.6099896713572823,3.3248484990496334
2459970.950223,-5.455460623365882,3.2533500684888104
2459970.950999,-2.5147063257996427,2.6789483764689437
2459970.951774,-2.090297858131196,3.4285513036076436
2459970.95255,-5.031708812224478,3.8695662256031467
2459970.953325,-3.8946222029115907,3.7216427628929316
2459970.954101,-3.6336725392749347,3.2295898280362234
2459970.954876,-4.161154143101808,4.107413919088152
2459970.955652,-3.193917919649958,3.549301282784005
2459970.956427,-4.702134754714482,2.747800077451606
2459970.957203,-1.570665788476977,2.8854078207291476
2459970.957978,-0.2358556696995251,4.363343192226137
2459970.958754,-2.6978711859626525,1.9530223218538363
2459970.959529,-1.121608418270692,2.5195571057895854
2459970.960305,-3.017138822105192,3.30393196380373
2459970.961092,-1.3204734766925075,3.2185774030716257
2459970.961868,-1.6508992456183424,2.9492478331818175
2459970.962643,-1.209804038756368,4.02135763878094
2459970.963419,0.3283541710412674,4.843047101921539
2459970.964206,-0.47727300811351014,4.107842397969291
2459970.964981,1.386493769956365,3.323660029369189
2459970.965757,-0.06750669771893314,4.413377686648864
2459970.966532,-1.7209588467455017,3.2310486431756904
2459970.967308,-0.7147151878976743,1.9604365579936862
2459970.968859,-0.9610542428050151,5.567071253133999
2459970.969634,0.5109312514997022,3.292700434814943
2459970.97041,0.2939867525508788,1.7670535082047218
2459970.971185,3.6969736420606747,4.482708381869382
2459970.971961,0.297233023285548,3.87006751191023
2459970.972736,-0.7531172620178772,2.669269926409396
2459970.973512,-1.0808599178394607,2.3877845851575246
2459970.974287,2.4703569008919235,2.3093315451691647
2459970.975063,1.1951522395390324,2.972551227384172
2459970.975838,3.245239402874134,3.7110440261833113
2459970.976614,9.613963509164769,3.1636087346182302
2459970.977389,8.57230724299507,3.1839188406884316
2459970.978165,7.987601993406868,4.550992991976422
2459970.978941,7.415791718321074,3.666128668556167
2459970.979716,7.214646986196893,5.039419489221641
2459970.980492,4.516895477705951,5.356045278773019
2459970.981267,5.038192887302895,1.8140411336443987
2459970.982043,6.010241832278496,2.1355128329718376
2459970.982818,4.849922216974667,4.1914930691646015
2459970.983594,5.044691395550194,2.2025944201028893
2459970.984369,4.6880465137015825,2.2662359512849983
2459970.98592,4.492707284807107,2.6079876239214315
2459970.986696,6.516997711610184,4.524972950308835
2459970.987471,6.26515859322474,2.8142918522953546
2459970.988247,6.423352988223829,1.1782639917717441
2459970.989022,8.016216494382444,4.532308392716159
2459970.989798,5.6514317407452275,3.1720793299018073
2459970.990573,6.957154644693819,2.7238815827249283
2459970.991349,5.21607813091296,2.8247514178439497
2459970.992124,11.507480231879086,3.0837829872463596
2459970.9929,7.242284574877855,6.587532654036682
2459970.993675,7.030756666517091,2.451975407166354
2459970.994451,5.6071382875009235,4.49890268161498
2459970.995226,5.487372163832216,4.467387840601469
2459970.996002,10.214468076957584,5.312137997380712
2459970.996777,7.066417290452209,5.82455140717776
2459970.997553,8.449720795813853,3.204451921429601
2459970.998328,7.049978151350222,2.692774730853438
2459970.999104,9.112887205682263,3.8246398021981953
2459970.99988,8.512064404042619,2.582881488837913
2459971.000655,8.476453073811063,4.52329973010011
2459971.001431,10.462875844438724,4.039255318347688
2459971.002206,7.653305617962403,3.652836929561041
2459971.002982,10.092597861423469,3.3958555138665094
2459971.003815,9.461611758084798,2.8594443999001258
2459971.00459,9.532560886067465,2.5838937576215493
2459971.005366,9.888741729543238,3.1550718622438043
2459971.006142,9.426121237387175,3.4927607059009778
2459971.006928,8.078575694153711,2.518982975166218
2459971.007704,9.81229586771759,2.670438042053584
2459971.010042,8.284385144950557,1.4699239668016342
2459971.010818,10.635715685750169,3.605937151903644
2459971.011593,10.277728320984059,3.6649509118762795
2459971.012369,8.962048156260893,4.1566036165777485
2459971.013156,7.832529686484513,6.019903078018722
2459971.013931,9.817623735818737,3.1252075145181486
2459971.014719,9.85764355707519,3.674907981150463
2459971.015495,9.926774897460078,3.256489105081034
2459971.016281,7.155906384923139,4.7489662021606955
2459971.017068,7.650878095768476,2.610173664072892
2459971.017844,8.119878524684099,3.1111250955335703
2459971.018631,9.37768895043578,5.13110382938171
2459971.019406,9.016649890379203,3.872284992684568
2459971.020182,8.170232884963768,4.256094186605131
2459971.020957,8.19878682577091,1.9606152636764143
2459971.021733,8.806986622525548,3.7856902040415603
2459971.02252,9.128338505323574,4.095401527859698
2459971.023295,7.636297577219064,3.302177463353262
2459971.024071,8.598558734366435,3.0969526280336734
2459971.024846,9.91084703056444,2.8821022877278564
2459971.025622,6.0993762781813565,4.739938070481756
2459971.026398,6.8540640050149815,3.5514490855757077
2459971.027173,7.5231847917551775,3.588056341839871
2459971.027949,7.329142220866114,3.3821562542763015
2459971.028724,4.779537843887294,3.565243350883901
2459971.0295,8.206484207254228,4.552514322174487
2459971.030276,6.108643439183492,4.036117345452109
2459971.031051,7.843098890470079,4.76340542861462
2459971.031826,7.6351207290388245,2.7124120091718154
2459971.032602,5.6102819850187835,3.311727787346048
2459971.033377,8.14553444476096,3.273245799485909
2459971.034153,7.373833938922214,4.852282974457446
2459971.034928,7.7157168911135,4.870580811935902
2459971.035704,7.591346508993624,4.653652638794942
2459971.036479,6.6588464842201045,3.925466550195336
2459971.037255,7.592675542395844,3.570073216644587
2459971.03803,6.785889204140805,3.0752873773634306
2459971.038806,7.4537467835551485,3.8747513333002943
2459971.039581,5.900557486602898,3.266889924323229
2459971.040357,7.9141754989837665,4.923003621645322
2459971.041132,5.257305085717645,5.092560483628458
2459971.04192,7.382212892415918,5.718019359954502
2459971.042695,5.356974398568859,3.6535353103664927
2459971.043471,5.990976727191066,3.040650086741031
2459971.044258,6.111967235559623,4.642846703205251
2459971.045033,3.8171164612066377,5.682560015620244
2459971.04582,2.305483956837051,1.923298718976104
2459971.046596,7.917834073673191,2.5088351571231757
2459971.047371,6.635522075538303,5.27295941423373
2459971.048147,4.167623750071403,3.4966919288071847
2459971.048922,6.5305539637539045,5.172275860521812
2459971.049698,4.307586887025705,3.638236092329636
2459971.050473,4.867329970608569,3.3356606132052806
2459971.051249,5.306565250940309,1.3420657353320953
2459971.052024,5.288175064289691,3.215129887242529
2459971.0528,6.184156682460307,4.189863863573265
2459971.053587,6.639521317482577,2.91820774168607
2459971.054362,4.9455153380555394,2.3773203498203874
2459971.055138,2.6045489941983746,2.762590529190368
2459971.055914,5.6971077853535945,2.62500606671968
2459971.056689,4.658090552364325,4.5330750327831675
2459971.057465,4.416703180238901,4.91462297835345
2459971.05824,2.2290194977792055,3.077666039074071
2459971.059016,1.3795346963314525,2.6561608079079484
2459971.059791,1.3268021983088296,5.077297673180478
2459971.061354,-0.17192428446632935,7.039858989873355
2459980.802138,-14.518425039392158,6.120045492218309
2459980.802913,-7.082413701223533,7.324155226090303
2459980.803689,-13.506442267343765,8.30761040159571
2459980.804464,-9.790319756161958,5.276048327132146
2459980.80524,-9.82424379387703,8.178810218634089
2459980.806015,-13.050182915956498,3.5429504045758744
2459980.806791,-11.933549106064811,4.346484109648041
2459980.807566,-11.586403733226835,6.402567220926368
2459980.808342,-18.083131279398312,9.909814280635691
2459980.809117,-10.427421883001053,7.8522876756238755
2459980.809893,-12.358341541799156,4.312697612263272
2459980.810668,-10.052818437244815,6.571056895667634
2459980.811444,-12.04459485722198,7.194868857141159
2459980.812219,-10.839909072632882,9.969673621024736
2459980.812995,-11.935694738858249,4.262713453650058
2459980.81377,-13.922175589796026,4.328087984906403
2459980.814557,-11.503027502580366,3.897689427879014
2459980.815333,-9.933891748380441,8.565181299965845
2459980.816108,-14.170978401707558,7.162302978056806
2459980.816884,-11.468501315276436,6.716896975510466
2459980.817659,-11.38703411339792,7.167730046351828
2459980.818446,-9.16132824684379,7.071843379460097
2459980.819222,-9.934135266058796,4.306422692593295
2459980.820009,-12.233761588935632,7.365888224483311
2459980.821572,-9.49076922374459,8.973211977680945
2459980.822359,-10.872369670497317,7.769975293203355
2459980.823134,-10.438229098609252,5.384215236239691
2459980.823921,-10.88214633766038,7.2437649926431815
2459980.824697,-10.033905995160852,4.71706868808606
2459980.825484,-10.860306195946912,6.46487160587498
2459980.82626,-8.97581535303804,7.883701732877175
2459980.827811,-10.068986588945506,5.669765361909443
2459980.828586,-13.060295494130791,7.511132123765605
2459980.829362,-11.902807024628759,5.954795097711029
2459980.830137,-11.557443800940925,8.141994713194595
2459980.830913,-10.485296966467939,7.90340181565758
2459980.831688,-11.567771063224708,6.567922022027981
2459980.832464,-16.108521369390893,5.717042175079285
2459980.834026,-14.953476588660308,6.724725618957244
2459980.835577,-12.96805504673526,5.977794091000044
2459980.836353,-13.443589410722211,8.165016333415887
2459980.837128,-10.401054792286812,8.755363694698477
2459980.837904,-8.166133651512308,6.790177598219921
2459980.838679,-12.536789083857801,10.422953874369384
2459980.839455,-8.010257016574652,7.2364613418243176
2459980.84023,-14.882137092008696,6.714308309193036
2459980.841006,-9.149091902517558,6.004859769360609
2459980.841793,-11.233171797371266,5.3973638566195055
2459980.842568,-9.043737706019627,5.625309004219382
2459980.843355,-8.899571082925494,7.546471387519756
2459980.844906,-4.437544678984051,6.612969368227282
2459980.845682,-8.163021652251356,4.814731757674986
2459980.846457,-6.552468925434818,3.5957493425208424
2459980.847245,-4.830328012970564,3.917382099851446
2459980.848032,-6.128444653083598,8.45202617659987
2459980.848807,-4.430831525167767,4.101543336242059
2459980.849583,-0.6167016606046793,9.274098603746602
2459980.850358,-4.541554021200045,5.44839301635149
2459980.851145,-7.372179189821582,7.536025403687329
2459980.851921,-5.483707785963299,10.25483531783907
2459980.852696,-5.546689193103527,3.58779450668162
2459980.853472,-7.985514769852209,3.730278148190802
2459980.854247,-3.2354355604938823,4.50282791742185
2459980.855023,-3.788924942812022,4.371139951330372
2459980.855798,-4.7718919736522425,3.8710722463569445
2459980.856574,-2.0266124312638967,2.3809964667915984
2459980.857361,-1.6036464413270446,4.071598246586741
2459980.858912,-6.941118391972978,6.908843053136032
2459980.859687,3.406626380271671,3.998484454201451
2459980.860463,0.3637849630648837,4.321260387350535
2459980.86124,-1.492262827629487,3.3236140005164425
2459980.862014,-3.0698402799747004,7.823833654850424
2459980.86279,1.9594663918580668,10.669766327409288
2459980.863565,-1.5371812421918207,5.723464517493211
2459980.864341,-0.6029210648271777,3.3570880701828187
2459980.865116,-1.3742660410430707,6.697147407239936
2459980.865892,0.3543614367660375,6.403799405057007
2459980.866667,0.22241177934168022,4.261125864172354
2459980.867443,-3.916350138687519,5.4500356281437785
2459980.86823,-0.6270507882982779,4.904736545156333
2459980.869005,-0.7928044345905105,4.028682606712899
2459980.869781,0.49763555208959254,4.672674296431759
2459980.870556,0.40516056824624336,7.232468397166061
2459980.871332,0.35764362764623137,4.883641768841494
2459980.872107,0.07126269500989935,2.893070665451864
2459980.872883,-0.33580496207885613,4.371707068896177
2459980.873658,0.4911989086580082,8.058209350278219
2459980.874446,-1.8633739118173454,5.782904680485151
2459980.875244,-0.0025031285864063335,9.268257973587636
2459980.876031,-2.192866823791939,10.57005233912835
2459980.876818,0.27388216348489536,4.362594700886055
2459980.877594,-1.3100862153681003,7.146168522980941
2459980.878352,1.1982187135264333,5.936466542788599
2459980.879133,3.6619882993238484,3.108235865854502
2459980.87991,5.1203855468486825,4.412829478989091
2459980.880686,2.3577545768938,4.913357054826374
2459980.88146,6.390675656399392,5.951399206970941
2459980.882235,5.845669750196736,2.539057572272512
2459980.883011,4.649647594427986,2.298147174283201
2459980.883786,5.4176912946908296,2.6922787035287388
2459980.884562,3.8907207653349207,3.8067506144664858
2459980.885337,4.432839209580042,2.227888298423175
2459980.886113,3.0414044372735205,5.577577641697743
2459980.886888,6.902148186373136,4.1273160317635025
2459980.887664,4.013317377513648,4.131429152329924
2459980.888439,6.656715382592715,4.226206966968756
2459980.889215,6.177525392568217,4.1246175811741095
2459980.88999,7.320373557514914,4.588926208063009
2459980.890766,4.471988844250596,5.082998232839938
2459980.891541,4.884567874586132,3.9971469416149406
2459980.892317,6.818438928569925,3.6033036597641037
2459980.893092,7.140311786436593,3.2431196283351307
2459980.893868,7.788393047275743,2.5034136482738725
2459980.894643,4.792390352824194,3.961971481866989
2459980.895419,7.556825223741459,2.658284680742549
2459980.896194,8.208408251666244,4.303144945700772
2459980.89697,10.126978930674602,3.4170729503126704
2459980.897746,8.132694562807963,3.9846936827964576
2459980.898521,7.753491901665299,2.788502088753787
2459980.899296,10.836998513535256,2.869951496637859
2459980.900072,7.578786606062593,3.2261879881768696
2459980.900847,10.883533743907048,1.3729996364178818
2459980.901623,9.833371537930846,2.676965965461795
2459980.902398,11.215971395791557,4.88507012155184
2459980.903174,10.37940922624947,2.4776967856832295
2459980.90395,9.958220354272962,2.644821971915238
2459980.904725,10.196545084071973,3.152582167404159
2459980.905501,11.058442540683666,4.699149268604925
2459980.906276,10.141833187798266,4.623491991775085
2459980.907052,8.71935378147315,4.234860204708293
2459980.907827,8.855687376275734,5.104456544981762
2459980.908603,8.937622236840026,2.8848975409284967
2459980.909378,11.08373282679298,1.7723583593724435
2459980.910154,6.865356983589699,2.7011329978062273
2459980.910929,11.643317192445934,3.759802531602589
2459980.911705,9.528917496535616,3.6296824343525143
2459980.91248,10.199539054655649,2.262097005364484
2459980.913256,9.198797969041772,4.151456713515546
2459980.914815,8.823929289484278,2.7759708301549613
2459980.915594,10.433476739066139,4.323326870917478
2459980.916369,10.961503788958327,2.95139927917179
2459980.917156,11.84611454118345,2.7436515663844316
2459980.917932,13.106220817705516,2.980758644828124
2459980.918707,10.23669314597031,1.489650781141688
2459980.919483,10.018088079750909,3.5755760519985342
2459980.920258,12.353908778233391,4.1975331787906365
2459980.921034,10.469936810456826,4.201334306269453
2459980.921809,9.674353051339235,4.159234213075431
2459980.922585,12.140946068431413,5.631161189100008
2459980.92336,10.291023027105606,2.169481528549673
2459980.924136,9.655024906989329,3.8928109979680103
2459980.924912,9.06453625824688,2.443167161318123
2459980.925687,8.284196054786364,3.052233772981653
2459980.926463,9.420317162613934,3.754432494271946
2459980.927238,11.40734277860389,3.150885411754037
2459980.928014,10.59983937852138,4.960882678525975
2459980.928789,8.71836092427758,2.4774944476647502
2459980.929565,11.778917193384197,2.953387954599594
2459980.93034,8.804626289280693,2.5863493777893742
2459980.931116,8.785163709536858,2.868863499992902
2459980.931891,8.469144138397722,3.6842323962618737
2459980.932667,11.040278044644802,1.5400306116974356
2459980.933442,8.023054127436424,6.427941963939935
2459980.935016,7.906609486519889,3.6149070728453285
2459980.935792,7.586632170083041,3.8084438963315224
2459980.936567,11.532733551636642,3.923423377808359
2459980.937343,9.56477834952163,2.561686010366429
2459980.938118,8.29925680925725,1.9349076834296555
2459980.938894,10.375256157435508,1.6540843127010327
2459980.939669,9.753411293021541,3.53183626612812
2459980.940445,7.025179112492674,1.0407542741240505
2459980.94122,9.168028728294253,2.5799534592931654
2459980.941996,8.202966128180167,4.0980465799035395
2459980.942775,10.51247772241326,2.9656478029420215
2459980.943559,9.763181773271068,3.2521423770046587
2459980.944334,8.21767989525024,3.1266783010484414
2459980.94511,8.982681539421389,2.9334002325655057
2459980.945885,9.914240037972588,2.514443769942255
2459980.946695,7.511007259739744,2.875079018265845
2459980.947482,7.575037530473061,3.0604002238760644
2459980.948258,6.62016642386698,1.8425068274614775
2459980.949033,9.900109134534318,2.757319405595885
2459980.949809,7.346454257862067,2.034957246913009
2459980.950584,8.180226787554368,3.0204135309440128
2459980.95136,9.752087055531433,2.8915468577979717
2459980.952135,4.721815736325574,2.5849133486774445
2459980.952911,4.810100647973714,4.052046798027207
2459980.953686,5.432021155483913,2.6278217243908255
2459980.954462,6.38619822526576,3.451416744697297
2459980.955238,4.957880793916347,1.0396226787884395
2459980.956013,8.890536777573788,2.777010917573695
2459980.956788,7.331309590585144,2.1333447200590205
2459980.957564,10.331484612183583,3.528847171731293
2459980.95834,8.008464423499007,4.383702155325115
2459980.959115,7.7784851972335645,3.1639583787405257
2459980.95989,7.177705984336757,1.7768770054423773
2459980.960666,6.498809338710387,2.1560817697963115
2459980.961442,7.165525962617991,3.044230827779979
2459980.962217,5.9118759044112235,2.5945394111945728
2459980.963027,5.923320810514721,2.736989451503386
2459980.963803,6.383279854134782,3.7935468885592534
2459980.964578,4.286532994248526,3.4351265317075304
2459980.965354,4.739110926688994,2.465185787425163
2459980.966129,3.825365114317858,5.4711481304999605
2459980.966905,3.4494728863458946,3.63930665046938
2459980.967692,2.809807866677172,1.6345471119437402
2459980.969243,3.795690256806372,3.685486034797342
2459980.970018,3.5087248575886854,3.4835345051736892
2459980.970794,4.26326945970934,3.7386523508634064
2459980.97157,1.0420144011795696,3.8520542384169185
2459980.972345,0.0017982657878334862,2.3403891191525403
2459980.97312,4.088049055774645,2.7133847257581944
2459980.973896,4.10828019091336,3.1587184635283907
2459980.974672,3.093846063863648,3.57438031106302
2459980.975447,0.4489010000654492,4.395877673705556
2459980.976223,1.10924056814099,1.9752640165917832
2459980.976998,-0.835928039382039,2.962385797803393
2459980.977774,0.2381264107149672,1.4864265746075
2459980.978549,0.48780388752578396,5.655570845261216
2459980.979325,0.635489854782012,4.0762742740277815
2459980.9801,1.5529399894029794,3.122391827643877
2459980.980934,-2.0431256185440283,3.429488815411108
2459980.981709,-0.1679514015874295,3.3191808058106003
2459980.982484,-1.0763802694282454,3.8433490496953615
2459980.98326,-3.618151515771051,2.8402949249203675
2459980.984047,-0.7043588391887345,5.5392069929694685
2459980.984823,-0.3597216860761199,3.2118258449674886
2459980.985621,-1.323574612862477,4.038838138672138
2459980.986397,-3.2169255935177166,2.5035928399791905
2459980.987172,-3.75709481369757,3.5455564018875814
2459980.987948,-4.8665804880339,4.682999298797344
2459980.988723,-1.807552740295315,5.353072525736631
2459980.989499,-5.184216840093958,4.8582437997053995
2459980.990309,-3.394979847943125,3.3442318495422616
2459980.991085,-0.9934745492121699,2.348995153769802
2459980.99186,-2.9036320722123365,4.826728138142745
2459980.992636,-3.608144180260009,1.7996891747077566
2459980.993411,-5.392367210805826,4.663262409746443
2459980.994187,-4.607167351250108,3.787721305312223
2459980.994962,-6.228081923204232,2.859429102853595
2459980.995738,-3.010593141434481,4.541723215787105
2459980.996513,-3.934384560705828,4.211306156264041
2459980.997289,-2.0001160907918702,4.796543229502537
2459980.998064,-3.5011693874797967,2.7860168339522646
2459980.99884,-5.765791414576893,2.241004922796406
2459980.999615,-4.152199890871899,4.867805260896213
2459981.000391,-5.048162690834079,3.7198320819404183
2459981.001166,-6.735876137311969,2.267757230045509
2459981.001942,-5.288298066108199,2.9324151200841717
2459981.002729,-5.270202972412985,2.5081240840612766
2459981.003504,-6.055242968650454,1.7280377632339416
2459981.00428,-7.12857556237656,3.210184609071837
2459981.005055,-5.879239957293225,4.868620559528465
2459981.005831,-5.502757304553851,3.8238346456786605
2459981.006606,-6.250554992014212,5.622371495924781
2459981.007382,-6.218502342843268,5.661978060976664
2459981.008157,-5.386798642816104,3.5121900844889518
2459981.008933,-9.642888875176725,2.447986866219975
2459981.009708,-9.034939365031413,9.777760795281228
2459981.010484,-8.265541830993817,4.37430609744165
2459981.012036,-9.444301415060252,3.579809982532585
2459981.01281,-8.775526425820356,6.14626961384364
2459981.013586,-10.312991929329328,4.16015782726512
2459981.014362,-12.303235569027017,5.05749864340823
2459981.015137,-11.746536856502733,4.4126807389699385
2459981.015913,-9.900338602935488,3.622932419321428
2459981.0167,-13.33742248815395,3.566007163671284
2459981.017475,-16.34112060350168,4.0221269243056685
2459981.019038,-10.892541448399351,4.398027580293696
2459981.019813,-10.867089769621474,5.081113360741429
2459981.020589,-10.87650568535059,7.761964692936611
2459981.021364,-9.70728318920877,5.188602890540234
2459981.02214,-12.192729496072419,4.46859487372749
2459981.022915,-7.506846394509048,4.220479860209477
2459981.023691,-6.8009858778674825,3.3725056962893354
2459981.024466,-13.37695997546351,5.206863487374587
2459981.025242,-11.375132678022482,3.970735413618372
2459981.026017,-10.59562396370939,4.050156443081376
2459981.026793,-10.489048757191032,2.7155394663049877
2459981.02758,-9.063741260229797,6.4629205904450915
2459981.028355,-9.755624882059166,3.2467843610203233
2459981.029131,-8.798588265450991,5.438127503546007
2459981.029906,-9.925358168486387,2.9828867332463114
2459981.030682,-10.013664393317745,3.957581430338049
2459981.031457,-12.685232342899532,2.3423454359930678
2459981.032233,-10.144114429715412,4.285448577048324
2459981.033009,-9.368186878305318,3.5799486669641274
2459981.034571,-11.864008266672887,4.25970851714018
2459981.035347,-15.813041881097224,5.1640415843492935
2459981.036122,-12.985174596234161,2.542047070957021
2459981.036909,-13.090070907438411,2.8569363219208808
2459981.037685,-13.598613559853812,4.476814093496737
2459981.039259,-10.894836899726922,5.284183273142911
2459981.040034,-9.248518277445328,4.249029594307684
2459981.04081,-10.106884245241421,5.88994197730496
2459981.041585,-9.373789844634217,3.5318675681912577
2459981.042372,-12.214500245170235,7.278604734471261
2459981.043148,-12.27821985437938,4.944407439048296
2459981.044722,-10.397589180705879,4.329405067671646
2459981.045498,-10.821958355545558,6.531007596309815
2459981.047049,-10.456230995084415,4.368258366986569
2459981.047824,-12.483329141630751,6.652434129188451
2459981.048611,-11.30604031257687,6.762288282512928
2459981.049398,-13.874386780931669,3.11253385625912
2459981.050185,-9.121827351662004,5.448555368526534
2459981.050973,-9.066962041109793,5.1711978031528485
2459981.051748,-8.321088841323764,2.814745985037189
2459981.052524,-7.404626700365569,2.185555172906607
2459981.053299,-8.756096715350159,4.604190695884204
2459981.054075,-6.941666515237088,7.182416689186307
2459981.05485,-9.350994311315585,3.2049306055089497
2459981.055626,-10.552472372347466,3.618688358649262
2459981.056401,-8.401119861145778,4.635159266562988
2459981.057177,-6.303015273080859,4.002737533324883
2459981.057952,-7.470878507583212,4.104216346393744
2459981.058728,-6.36239401180827,3.585775213020049
2459981.059503,-7.293746402864842,6.437878336627755
